Nome,Estrelas,Criado em,Última Atualização,Releases
Snailclimb/JavaGuide,148709,2018-05-07T13:27:00Z,2025-03-16T12:42:36Z,0
krahets/hello-algo,110248,2022-11-04T11:08:34Z,2025-03-16T12:46:25Z,9
iluwatar/java-design-patterns,90999,2014-08-09T16:45:18Z,2025-03-16T07:27:46Z,0
macrozheng/mall,79480,2018-04-04T01:11:44Z,2025-03-16T12:02:44Z,3
doocs/advanced-java,77238,2018-10-06T11:38:30Z,2025-03-16T12:47:06Z,1
spring-projects/spring-boot,76449,2012-10-19T15:02:57Z,2025-03-16T11:58:27Z,300
MisterBooo/LeetCodeAnimation,75766,2018-12-06T08:01:22Z,2025-03-16T11:55:19Z,0
elastic/elasticsearch,71991,2010-02-08T13:20:56Z,2025-03-16T11:18:09Z,174
kdn251/interviews,64015,2017-02-14T18:19:25Z,2025-03-16T10:39:46Z,0
TheAlgorithms/Java,61092,2016-07-16T10:21:02Z,2025-03-16T12:19:11Z,0
spring-projects/spring-framework,57551,2010-12-08T04:04:45Z,2025-03-16T11:28:13Z,327
NationalSecurityAgency/ghidra,55367,2019-03-01T03:27:48Z,2025-03-16T12:36:15Z,42
Stirling-Tools/Stirling-PDF,54164,2023-01-27T18:22:42Z,2025-03-16T12:42:22Z,118
google/guava,50586,2014-05-29T16:23:17Z,2025-03-16T12:39:05Z,48
ReactiveX/RxJava,48041,2013-01-08T20:11:48Z,2025-03-16T06:06:12Z,235
skylot/jadx,43176,2013-03-18T17:08:21Z,2025-03-16T11:44:27Z,30
dbeaver/dbeaver,42254,2015-10-21T08:26:28Z,2025-03-16T12:18:33Z,219
jeecgboot/JeecgBoot,41859,2018-11-26T10:40:00Z,2025-03-16T12:26:57Z,54
apache/dubbo,40817,2012-06-19T07:56:02Z,2025-03-16T08:49:35Z,109
termux/termux-app,39753,2015-10-23T09:42:46Z,2025-03-16T12:14:33Z,91
PhilJay/MPAndroidChart,37861,2014-04-25T14:29:47Z,2025-03-16T09:35:55Z,44
eugenp/tutorials,37079,2013-04-29T18:26:36Z,2025-03-16T12:18:41Z,0
alibaba/arthas,36056,2018-08-29T17:15:57Z,2025-03-16T05:43:01Z,59
geekxh/hello-algorithm,35508,2020-05-29T05:47:09Z,2025-03-15T16:32:08Z,0
airbnb/lottie-android,35235,2016-10-06T22:42:42Z,2025-03-16T07:35:17Z,56
halo-dev/halo,34973,2018-03-21T12:56:52Z,2025-03-16T12:38:06Z,210
bumptech/glide,34815,2013-07-08T22:52:33Z,2025-03-16T09:55:56Z,47
netty/netty,33872,2010-11-09T09:22:21Z,2025-03-16T12:01:30Z,0
Blankj/AndroidUtilCode,33488,2016-07-30T18:18:32Z,2025-03-16T12:25:21Z,117
xkcoding/spring-boot-demo,33483,2017-11-10T06:27:29Z,2025-03-16T12:05:54Z,0
doocs/leetcode,33286,2018-09-16T14:03:03Z,2025-03-16T12:11:35Z,21
TeamNewPipe/NewPipe,33221,2015-09-03T23:39:26Z,2025-03-16T11:34:48Z,135
alibaba/easyexcel,33199,2018-02-06T03:14:08Z,2025-03-16T11:08:09Z,14
zxing/zxing,33157,2011-10-12T14:07:27Z,2025-03-16T10:51:43Z,31
SeleniumHQ/selenium,31828,2013-01-14T21:40:56Z,2025-03-16T12:22:24Z,102
alibaba/nacos,30987,2018-06-15T06:49:27Z,2025-03-16T11:25:03Z,77
binarywang/WxJava,30725,2016-01-06T08:24:05Z,2025-03-16T05:19:12Z,30
ityouknow/spring-boot-examples,30399,2016-11-05T05:32:33Z,2025-03-16T05:26:55Z,0
apache/kafka,29657,2011-08-15T18:06:16Z,2025-03-16T04:04:35Z,0
YunaiV/ruoyi-vue-pro,29654,2021-01-24T03:18:25Z,2025-03-16T09:41:44Z,34
chinabugotech/hutool,29612,2014-04-13T07:23:51Z,2025-03-16T12:47:04Z,149
apolloconfig/apollo,29379,2016-03-04T10:24:23Z,2025-03-16T09:44:18Z,41
alibaba/canal,28887,2013-01-13T10:59:52Z,2025-03-16T12:37:26Z,32
wuyouzhuguli/SpringAll,28657,2018-05-02T02:48:44Z,2025-03-15T14:34:58Z,0
xuxueli/xxl-job,28444,2015-11-28T12:59:34Z,2025-03-16T11:33:47Z,36
alibaba/spring-cloud-alibaba,28304,2017-12-01T20:49:15Z,2025-03-16T06:33:56Z,47
alibaba/druid,28088,2011-11-03T05:12:51Z,2025-03-16T05:34:42Z,51
lenve/vhr,27651,2018-01-04T08:57:51Z,2025-03-16T10:37:41Z,0
crossoverJie/JCSprout,27102,2017-12-17T09:06:50Z,2025-03-16T04:01:22Z,0
qiurunze123/miaosha,26277,2018-09-14T04:36:24Z,2025-03-15T15:43:30Z,0
keycloak/keycloak,25942,2013-07-02T13:38:51Z,2025-03-16T08:57:18Z,76
DrKLO/Telegram,25902,2013-10-25T14:08:10Z,2025-03-16T10:14:32Z,95
alibaba/fastjson,25774,2011-11-03T06:58:52Z,2025-03-14T18:21:48Z,84
apache/incubator-seata,25542,2018-12-28T08:37:22Z,2025-03-16T12:25:17Z,42
JakeWharton/butterknife,25532,2013-03-05T08:18:59Z,2025-03-16T09:50:05Z,0
hollischuang/toBeTopJavaer,25421,2018-10-25T09:54:54Z,2025-03-16T12:18:47Z,0
scwang90/SmartRefreshLayout,25047,2017-06-02T09:52:50Z,2025-03-16T02:49:59Z,14
proxyee-down-org/proxyee-down,24905,2017-10-25T10:07:27Z,2025-03-16T08:31:47Z,49
greenrobot/EventBus,24738,2012-07-16T16:55:40Z,2025-03-15T13:07:53Z,7
apache/flink,24631,2014-06-07T07:00:10Z,2025-03-16T11:07:37Z,0
Netflix/Hystrix,24259,2012-11-19T20:14:46Z,2025-03-16T04:35:34Z,79
apache/skywalking,24152,2015-11-07T03:30:36Z,2025-03-16T05:43:06Z,61
libgdx/libgdx,23819,2012-08-10T19:34:38Z,2025-03-16T06:56:46Z,13
bazelbuild/bazel,23778,2014-06-12T16:00:38Z,2025-03-16T12:22:32Z,186
jenkinsci/jenkins,23750,2010-11-22T21:21:23Z,2025-03-16T10:58:17Z,404
redisson/redisson,23662,2014-01-11T14:06:25Z,2025-03-16T10:23:58Z,166
google/gson,23614,2015-03-19T18:21:20Z,2025-03-16T03:42:58Z,9
Anuken/Mindustry,23473,2017-04-30T01:24:29Z,2025-03-16T05:58:55Z,160
OpenAPITools/openapi-generator,23088,2018-05-12T09:57:56Z,2025-03-16T10:56:40Z,70
alibaba/Sentinel,22626,2018-04-04T06:37:33Z,2025-03-15T08:44:01Z,25
doocs/source-code-hunter,22543,2019-10-28T01:35:10Z,2025-03-16T11:27:16Z,0
EnterpriseQualityCoding/FizzBuzzEnterpriseEdition,22203,2012-11-24T00:14:41Z,2025-03-16T09:21:47Z,0
google/ExoPlayer,21799,2014-06-13T21:19:18Z,2025-03-15T22:30:08Z,28
yuliskov/SmartTube,21780,2020-07-28T12:53:52Z,2025-03-16T12:07:47Z,716
apache/rocketmq,21612,2016-11-30T08:00:08Z,2025-03-16T03:23:33Z,21
ashishps1/awesome-system-design-resources,21572,2023-10-25T01:50:42Z,2025-03-16T11:47:27Z,0
elunez/eladmin,21545,2018-12-14T08:54:24Z,2025-03-16T03:48:51Z,1
iBotPeaches/Apktool,21509,2012-03-19T17:46:53Z,2025-03-16T12:30:04Z,25
CodePhiliaX/Chat2DB,20694,2023-06-20T14:05:26Z,2025-03-16T12:47:46Z,43
oracle/graal,20693,2016-01-14T17:11:35Z,2025-03-16T10:26:18Z,32
openjdk/jdk,20591,2018-09-17T12:29:20Z,2025-03-16T09:43:32Z,0
CarGuo/GSYVideoPlayer,20584,2016-11-13T12:34:31Z,2025-03-16T06:23:18Z,48
conductor-oss/conductor,20401,2023-12-08T06:06:09Z,2025-03-16T06:06:38Z,19
brettwooldridge/HikariCP,20309,2013-10-08T05:43:03Z,2025-03-16T03:30:13Z,0
didi/DoKit,20289,2018-08-14T10:32:07Z,2025-03-14T11:10:11Z,10
apache/shardingsphere,20115,2016-01-18T12:49:26Z,2025-03-16T10:36:17Z,58
mybatis/mybatis-3,19995,2013-02-14T19:03:32Z,2025-03-15T21:16:19Z,46
ReactiveX/RxAndroid,19867,2014-08-19T03:46:38Z,2025-03-13T11:52:31Z,20
dataease/dataease,19577,2021-02-02T04:10:21Z,2025-03-16T09:22:24Z,91
linlinjava/litemall,19529,2018-03-22T16:42:30Z,2025-03-16T08:16:19Z,8
yudaocode/SpringBoot-Labs,19458,2018-09-12T14:51:46Z,2025-03-16T11:55:05Z,0
LSPosed/LSPosed,19434,2020-12-12T08:39:37Z,2025-03-16T12:01:30Z,39
Baseflow/PhotoView,18831,2012-07-17T16:39:00Z,2025-03-16T09:37:14Z,5
dianping/cat,18807,2012-12-05T02:31:48Z,2025-03-16T07:45:42Z,3
kunal-kushwaha/DSA-Bootcamp-Java,18542,2021-07-30T12:23:25Z,2025-03-16T12:47:49Z,0
thingsboard/thingsboard,18414,2016-12-01T09:33:30Z,2025-03-16T08:49:16Z,65
forezp/SpringCloudLearning,17924,2017-04-08T10:06:56Z,2025-03-16T11:07:32Z,0
williamfiset/Algorithms,17750,2017-03-18T02:50:46Z,2025-03-16T10:37:45Z,0
JetBrains/intellij-community,17733,2011-09-30T13:33:05Z,2025-03-16T12:16:20Z,0
antlr/antlr4,17685,2010-02-04T01:36:28Z,2025-03-16T09:22:00Z,31
LMAX-Exchange/disruptor,17670,2012-09-21T13:42:24Z,2025-03-15T08:28:00Z,14
Tencent/APIJSON,17527,2016-11-21T12:03:29Z,2025-03-16T12:00:27Z,107
Tencent/tinker,17255,2016-09-06T06:57:52Z,2025-03-14T12:56:46Z,59
dromara/Sa-Token,17202,2020-02-03T10:34:29Z,2025-03-16T05:21:40Z,34
openzipkin/zipkin,17141,2012-06-06T18:26:16Z,2025-03-16T11:58:15Z,96
facebook/fresco,17099,2015-03-02T09:58:04Z,2025-03-14T18:51:47Z,55
YunaiV/yudao-cloud,16893,2019-05-02T16:06:49Z,2025-03-16T12:36:31Z,20
infinilabs/analysis-ik,16862,2011-12-16T09:01:45Z,2025-03-15T15:18:11Z,1
justauth/JustAuth,16797,2019-01-31T09:42:20Z,2025-03-16T11:59:58Z,46
nostra13/Android-Universal-Image-Loader,16777,2011-11-27T18:48:23Z,2025-03-15T20:58:12Z,0
winterbe/java8-tutorial,16770,2014-03-16T17:25:43Z,2025-03-14T17:20:37Z,0
shuzheng/zheng,16712,2016-10-04T10:07:06Z,2025-03-15T12:57:35Z,0
baomidou/mybatis-plus,16711,2016-08-18T10:06:53Z,2025-03-15T15:31:34Z,34
material-components/material-components-android,16615,2016-12-05T16:11:29Z,2025-03-16T06:30:56Z,102
kestra-io/kestra,16477,2019-08-24T13:56:15Z,2025-03-16T12:32:04Z,202
Grasscutters/Grasscutter,16475,2022-04-17T12:43:46Z,2025-03-15T20:53:25Z,20
JeffLi1993/springboot-learning-example,16442,2017-02-06T07:02:25Z,2025-03-15T09:53:32Z,0
ben-manes/caffeine,16377,2014-12-13T08:45:11Z,2025-03-16T08:00:50Z,69
alibaba/DataX,16291,2018-01-18T10:09:47Z,2025-03-16T02:19:21Z,7
heibaiying/BigData-Notes,16256,2019-03-10T01:40:01Z,2025-03-16T07:14:52Z,0
prestodb/presto,16247,2012-08-09T01:03:37Z,2025-03-16T05:57:14Z,0
xiaojieonly/Ehviewer_CN_SXJ,16187,2020-11-09T06:14:31Z,2025-03-16T12:43:41Z,99
dyc87112/SpringBoot-Learning,15769,2016-08-21T03:39:06Z,2025-03-15T05:33:54Z,0
android-hacker/VirtualXposed,15621,2017-12-01T09:00:58Z,2025-03-15T15:51:21Z,50
android10/Android-CleanArchitecture,15533,2014-08-19T14:09:26Z,2025-03-16T10:06:05Z,0
gyoogle/tech-interview-for-developer,15443,2019-06-09T04:42:57Z,2025-03-16T11:07:51Z,0
mockito/mockito,15063,2012-10-13T20:27:12Z,2025-03-15T21:14:14Z,219
apache/hadoop,14980,2014-08-28T07:00:08Z,2025-03-16T12:39:13Z,0
questdb/questdb,14979,2014-04-28T23:29:15Z,2025-03-16T08:56:51Z,84
Konloch/bytecode-viewer,14897,2014-10-14T10:26:46Z,2025-03-14T11:23:48Z,60
zhisheng17/flink-learning,14692,2019-01-01T07:38:28Z,2025-03-16T05:38:05Z,0
hdodenhof/CircleImageView,14543,2014-01-17T16:44:46Z,2025-03-14T03:10:54Z,0
apache/pulsar,14495,2016-06-28T07:00:03Z,2025-03-15T13:25:35Z,102
alibaba/ARouter,14474,2016-12-14T01:27:49Z,2025-03-12T17:34:19Z,16
Tencent/QMUI_Android,14473,2017-04-21T10:03:18Z,2025-03-14T16:29:22Z,35
eclipse-vertx/vert.x,14424,2011-06-17T14:54:55Z,2025-03-15T13:58:49Z,0
elastic/logstash,14377,2010-11-18T01:31:50Z,2025-03-15T20:57:56Z,174
java-decompiler/jd-gui,14371,2015-03-25T05:28:41Z,2025-03-15T20:14:58Z,18
arduino/Arduino,14277,2010-09-17T19:10:36Z,2025-03-16T07:04:53Z,37
quarkusio/quarkus,14216,2018-07-06T00:44:20Z,2025-03-16T08:26:19Z,368
neo4j/neo4j,13957,2012-11-12T08:46:15Z,2025-03-16T05:19:24Z,72
supertokens/supertokens-core,13933,2020-01-05T13:30:52Z,2025-03-16T07:43:40Z,82
deeplearning4j/deeplearning4j,13859,2013-11-27T02:03:28Z,2025-03-16T09:27:28Z,0
orhanobut/logger,13848,2015-03-20T22:30:12Z,2025-03-14T03:11:42Z,16
GoogleContainerTools/jib,13829,2018-01-22T18:30:43Z,2025-03-16T04:30:29Z,164
theonedev/onedev,13772,2018-11-06T02:57:01Z,2025-03-16T11:40:56Z,390
Netflix/zuul,13647,2013-03-13T18:53:57Z,2025-03-16T04:28:41Z,15
apache/druid,13637,2012-10-23T19:08:07Z,2025-03-15T05:59:11Z,64
Curzibn/Luban,13627,2016-07-24T07:43:21Z,2025-03-15T10:48:37Z,6
seaswalker/spring-analysis,13604,2016-09-09T07:46:32Z,2025-03-15T15:07:18Z,0
JessYanCoding/AndroidAutoSize,13583,2018-08-17T09:04:19Z,2025-03-14T21:17:19Z,14
pinpoint-apm/pinpoint,13539,2014-10-20T09:27:22Z,2025-03-16T10:59:54Z,59
tink-crypto/tink,13521,2014-06-06T16:21:09Z,2025-03-11T08:44:59Z,21
lgvalle/Material-Animations,13512,2015-03-08T20:54:00Z,2025-03-14T12:43:30Z,0
Bigkoo/Android-PickerView,13470,2014-12-28T01:46:38Z,2025-03-13T01:59:37Z,0
sqshq/piggymetrics,13410,2015-03-29T17:56:31Z,2025-03-16T12:15:51Z,2
LuckSiege/PictureSelector,13402,2017-01-04T07:47:39Z,2025-03-15T12:23:25Z,116
apache/doris,13322,2017-08-10T12:13:30Z,2025-03-16T09:09:18Z,64
apache/dolphinscheduler,13320,2019-03-01T16:39:25Z,2025-03-16T03:29:23Z,52
zaproxy/zaproxy,13315,2015-06-03T16:55:01Z,2025-03-16T12:31:27Z,9
janishar/mit-deep-learning-book-pdf,13200,2017-04-07T10:46:50Z,2025-03-16T08:31:01Z,3
DuGuQiuBai/Java,13192,2015-11-25T07:30:08Z,2025-03-16T12:40:37Z,0
macrozheng/mall-learning,13084,2019-04-12T13:20:31Z,2025-03-16T08:32:45Z,0
projectlombok/lombok,13061,2009-06-08T19:46:41Z,2025-03-16T05:43:20Z,0
youth5201314/banner,12969,2016-04-22T05:50:25Z,2025-03-16T07:51:12Z,0
languagetool-org/languagetool,12877,2013-08-08T16:37:22Z,2025-03-16T12:19:52Z,0
Netflix/conductor,12790,2016-12-07T22:48:42Z,2025-03-15T04:50:34Z,319
facebook/stetho,12693,2015-01-22T22:34:10Z,2025-03-15T03:43:27Z,13
greenrobot/greenDAO,12624,2011-10-22T16:15:14Z,2025-03-14T03:12:14Z,8
pxb1988/dex2jar,12585,2015-03-16T09:13:07Z,2025-03-15T15:44:35Z,8
google/guice,12580,2014-05-28T23:18:53Z,2025-03-16T12:02:20Z,19
zhihu/Matisse,12547,2017-04-13T01:31:05Z,2025-03-14T17:41:59Z,15
cryptomator/cryptomator,12527,2014-02-02T00:43:47Z,2025-03-16T12:45:44Z,183
Netflix/eureka,12504,2012-07-26T22:23:07Z,2025-03-16T10:19:41Z,150
codecentric/spring-boot-admin,12497,2014-07-25T11:39:13Z,2025-03-15T21:52:52Z,131
daimajia/AndroidViewAnimations,12453,2014-06-23T03:53:13Z,2025-03-14T03:12:22Z,9
apache/zookeeper,12410,2009-03-27T15:41:56Z,2025-03-15T15:48:27Z,0
daimajia/AndroidSwipeLayout,12399,2014-08-25T04:09:33Z,2025-03-13T12:03:50Z,18
pagehelper/Mybatis-PageHelper,12281,2014-06-09T15:32:30Z,2025-03-15T15:11:45Z,14
alibaba/COLA,12279,2018-02-06T13:46:27Z,2025-03-15T13:00:28Z,11
macrozheng/mall-swarm,12186,2019-11-25T06:55:31Z,2025-03-16T04:29:15Z,3
redis/jedis,11990,2010-06-11T13:04:43Z,2025-03-15T09:46:02Z,109
Yalantis/uCrop,11958,2016-01-05T13:41:06Z,2025-03-14T02:18:31Z,18
metersphere/metersphere,11895,2020-02-03T02:06:12Z,2025-03-16T01:57:57Z,175
Tencent/VasSonic,11848,2017-08-01T08:35:13Z,2025-03-15T15:43:50Z,10
Tencent/matrix,11761,2018-12-11T07:08:02Z,2025-03-15T16:29:17Z,16
amitshekhariitbhu/android-interview-questions,11716,2017-07-09T18:47:24Z,2025-03-16T12:09:39Z,0
grpc/grpc-java,11639,2014-12-08T19:00:00Z,2025-03-16T09:25:45Z,176
frank-lam/fullstack-tutorial,11626,2018-04-13T01:50:10Z,2025-03-15T15:43:56Z,0
code4craft/webmagic,11517,2013-04-23T12:57:36Z,2025-03-16T12:44:34Z,33
realm/realm-java,11485,2012-04-20T09:18:42Z,2025-03-14T14:15:03Z,0
careercup/CtCI-6th-Edition,11401,2015-07-02T06:28:46Z,2025-03-14T22:18:18Z,0
gyf-dev/ImmersionBar,11375,2017-04-19T05:10:09Z,2025-03-13T06:19:52Z,0
kekingcn/kkFileView,11266,2017-12-12T11:41:08Z,2025-03-16T11:16:24Z,16
newbee-ltd/newbee-mall,11264,2019-09-21T03:56:04Z,2025-03-16T11:55:08Z,0
Team-xManager/xManager,11249,2021-02-08T11:31:10Z,2025-03-16T12:01:31Z,50
permissions-dispatcher/PermissionsDispatcher,11228,2015-08-15T21:41:05Z,2025-03-14T03:12:37Z,40
OpenRefine/OpenRefine,11185,2012-10-15T02:22:48Z,2025-03-15T17:18:22Z,68
debezium/debezium,11181,2016-01-22T20:17:05Z,2025-03-16T10:29:25Z,0
mission-peace/interview,11137,2014-07-20T21:27:31Z,2025-03-15T04:49:20Z,0
plantuml/plantuml,11113,2010-11-04T15:55:50Z,2025-03-16T07:38:04Z,53
H07000223/FlycoTabLayout,11089,2015-11-09T01:53:19Z,2025-03-15T11:55:47Z,4
jhy/jsoup,11080,2009-12-19T01:29:58Z,2025-03-15T20:57:48Z,17
lingochamp/FileDownloader,11079,2015-12-22T11:17:16Z,2025-03-13T11:48:05Z,65
jfeinstein10/SlidingMenu,11061,2012-06-30T05:14:23Z,2025-03-15T20:58:25Z,0
androidannotations/androidannotations,11044,2012-01-06T08:48:03Z,2025-03-09T17:35:44Z,0
apereo/cas,11040,2011-09-09T01:36:42Z,2025-03-16T01:27:06Z,289
daniulive/SmarterStreaming,11016,2016-03-26T14:46:02Z,2025-03-15T05:40:41Z,0
trinodb/trino,10993,2019-01-19T06:38:14Z,2025-03-16T08:41:56Z,0
square/javapoet,10853,2013-02-01T16:56:30Z,2025-03-15T05:27:58Z,0
alibaba/vlayout,10790,2017-02-27T08:11:47Z,2025-03-11T14:53:13Z,34
aosp-mirror/platform_frameworks_base,10705,2008-10-21T18:20:37Z,2025-03-15T04:48:45Z,0
doocs/jvm,10652,2018-06-23T01:12:59Z,2025-03-15T15:08:05Z,0
android-async-http/android-async-http,10632,2011-02-20T03:25:07Z,2025-03-15T20:57:59Z,3
PaperMC/Paper,10627,2016-01-22T05:40:19Z,2025-03-16T02:30:13Z,0
TooTallNate/Java-WebSocket,10617,2010-01-20T23:33:04Z,2025-03-15T15:26:53Z,19
jeasonlzy/okhttp-OkGo,10610,2016-01-15T10:35:24Z,2025-03-13T15:39:00Z,14
clojure/clojure,10571,2010-06-29T20:03:33Z,2025-03-15T02:24:28Z,0
jwtk/jjwt,10539,2014-09-13T01:06:24Z,2025-03-16T03:34:58Z,7
apple/pkl,10538,2024-01-19T17:28:45Z,2025-03-16T07:46:08Z,13
google/auto,10489,2013-05-22T21:41:56Z,2025-03-15T14:21:03Z,66
lipangit/JiaoZiVideoPlayer,10486,2016-02-06T11:04:24Z,2025-03-12T14:52:37Z,78
tbruyelle/RxPermissions,10482,2015-09-29T13:55:09Z,2025-03-14T03:12:56Z,11
asLody/VirtualApp,10445,2016-07-06T13:25:23Z,2025-03-16T02:39:30Z,0
provectus/kafka-ui,10443,2019-11-26T15:55:55Z,2025-03-16T11:24:14Z,25
datahub-project/datahub,10411,2015-11-18T05:47:40Z,2025-03-16T09:48:32Z,96
opensearch-project/OpenSearch,10357,2021-01-29T22:10:00Z,2025-03-16T10:59:31Z,52
JessYanCoding/MVPArms,10281,2016-08-06T08:49:56Z,2025-03-16T10:06:10Z,25
Activiti/Activiti,10266,2012-09-13T11:34:43Z,2025-03-16T11:25:00Z,1000
JakeWharton/ViewPagerIndicator,10121,2011-08-04T17:13:44Z,2025-03-15T20:58:06Z,0
resilience4j/resilience4j,10035,2015-06-03T09:21:01Z,2025-03-15T22:44:15Z,35
